Category,Subcategory
Fashion,
,Streetwear
,Luxury
,Casual
,Vintage
Technology,
,Gadgets
,AI
,Software
,Startups
Health & Fitness,
,Yoga
,Bodybuilding
,Nutrition
,Mental Health
Gaming,
,Esports
,Streaming
,Game Reviews
,Mobile Games
Food,
,Cooking
,Restaurant Reviews
,Healthy Eating
,Vegan
Travel,
,Backpacking
,Luxury Travel
,Adventure
,City Guides
Beauty,
,Makeup
,Skincare
,Haircare
,Men's Grooming
Education,
,Online Learning
,Personal Development
,Language Learning
,Science
Finance,
,Investing
,Crypto
,Personal Finance
,Stock Market
Sports,
,Football
,Basketball
,Cricket
,Athletics
